Final_score	Birds	Bonus_cards	End_of_round_goals	Eggs	Food_on_cards	Tucked_cards	Nectar	Win	Player	Place	Forest	Grass	Water	turn_order	Win_bool	allbirds	N_birds
117	53	24	9	1	14	9	7	0	Athos						FALSE		0
123	52	18	13	9	12	10	9	1	Sain						TRUE		0
109	28	7	11	38	12	7	6	0	Erk						FALSE		0
111	46	26	18	1	10	9	1	0	Pent						FALSE		0
89	50	3	13	9	3	3	8	0	Athos						FALSE		0
103	59	4	12	6	1	12	9	1	Sain						TRUE		0
79	20	0	15	29	2	10	3	0	Erk						FALSE		0
97	42	17	16	3	0	11	8	0	Athos						FALSE		0
104	35	3	22	23	4	10	7	1	Erk						TRUE		0
101	36	4	15	17	14	9	6	0	Sain						FALSE		0
107	40	23	19	14	0	4	7	0	Athos						FALSE		0
124	54	14	11	21	0	18	6	1	Sain						TRUE		0
96	55	9	12	12	1	6	1	0	Erk						FALSE		0
77	45	10	6	3	2	4	7	0	Pent						FALSE		0
79	45	10	4	6	0	6	8	0	Athos						FALSE		0
121	64	13	17	11	5	4	7	1	Sain						TRUE		0
94	38	4	13	27	8	4	0	0	Erk						FALSE		0
101	50	10	15	11	0	9	6	0	Pent						FALSE		0
97	40	10	18	12	3	3	11	0	Athos						FALSE		0
125	53	12	15	11	8	20	6	1	Sain						TRUE		0
106	52	17	18	11	4	0	4	0	Pent						FALSE		0
99	62	0	13	5	12	1	6	0	Athos						FALSE		0
106	57	5	19	12	8	0	5	1	Sain						TRUE		0
97	55	7	16	4	4	1	10	0	Pent						FALSE		0
92	47	5	15	15	1	7	2	0	Athos						FALSE		0
90	43	2	7	18	13	0	7	0	Sain						FALSE		0
116	46	17	15	12	2	12	12	1	Pent						TRUE		0
87	50	7	13	16	1	0	12	0	Athos						FALSE		0
128	53	19	19	28	0	0	9	1	Sain						TRUE		0
95	48	9	7	6	4	9	12	0	Athos						FALSE		0
94	50	9	11	11	1	12	0	0	Sain						FALSE		0
96	31	6	19	23	0	10	7	0	Erk						FALSE		0
101	44	10	8	5	9	23	2	1	Pent						TRUE		0
100	48	0	15	0	18	12	7	0	Athos						FALSE		0
107	29	6	16	30	5	16	5	0	Erk						FALSE		0
134	60	31	16	8	1	9	9	1	Pent						TRUE		0
93	52	6	16	3	2	2	12	0	Athos						FALSE		0
104	36	14	16	2	11	16	9	0	Pent						FALSE		0
108	61	9	13	7	0	9	9	1	Athos						TRUE		0
137	60	30	19	5	2	9	12	1	Pent						TRUE		0
115	65	13	15	4	0	8	10	0	Athos						FALSE		0
108	53	28	12	0	4	6	5	1	Pent						TRUE		0
92	44	8	14	8	6	7	5	0	Erk						FALSE		0
85	60	4	3	2	2	2	12	1	Athos						TRUE		0
69	49	0	0	7	4	2	7	0	Erk						FALSE		0
113	51	15	11	24	6	4	2	0	Athos						FALSE		0
121	40	5	13	32	0	23	8	1	Erk						TRUE		0
134	67	20	16	16	0	5	10	1	Pent						TRUE		0
114	46	19	19	8	1	13	8	0	Sain						FALSE		0
99	48	20	16	5	0	2	8	0	Athos						FALSE		0
94	50	5	16	14	1	2	6	0	Athos						FALSE		0
145	62	35	15	22	1	5	5	1	Sain						TRUE		0
112	62	7	15	6	6	8	8	0	Erk						FALSE		0
117	63	23	16	5	0	4	6	0	Athos						FALSE		0
107	50	16	7	17	8	6	3	0	Sain						FALSE		0
109	59	4	4	35	1	1	5	0	Erk						FALSE		0
132	44	33	22	7	0	19	7	1	Pent						TRUE		0
119	62	16	14	3	6	10	8	0	Athos						FALSE		0
114	57	13	9	7	4	21	3	0	Sain						FALSE		0
97	48	0	14	10	5	15	5	0	Erk						FALSE		0
143	64	26	16	5	12	16	4	1	Pent						TRUE		0
108	51	24	15	0	8	6	7	0	Athos						FALSE		0
124	60	21	15	18	0	5	5	1	Sain						TRUE		0
115	50	15	15	21	0	6	8	0	Erk						FALSE		0
100	36	27	9	16	0	2	10	0	Athos						FALSE		0
112	57	19	5	8	10	9	4	1	Sain						TRUE		0
101	56	7	22	14	0	0	2	0	Erk						FALSE		0
94	51	23	4	1	0	10	5	0	Pent						FALSE		0
129	72	17	15	5	0	8	12	1	Athos						TRUE		0
127	35	7	9	27	26	21	2	0	Sain						FALSE		0
106	77	0	15	5	0	2	7	0	Erk						FALSE		0
113	53	11	18	1	3	15	12	0	Athos						FALSE		0
123	51	20	16	4	0	25	7	1	Pent						TRUE		0
111	47	11	16	15	0	9	13	0	Athos						FALSE		0
126	64	27	19	9	0	0	7	1	Pent						TRUE		0
99	52	6	12	13	0	6	10	0	Athos						FALSE		0
120	47	24	13	26	0	5	5	1	Erk						TRUE		0
107	45	16	15	4	0	21	6	0	Pent						FALSE		0
110	52	7	16	22	7	2	4	0	Athos						FALSE		0
112	48	8	14	15	0	12	15	1	Erk						TRUE		0
110	48	11	14	28	7	0	2	0	Pent						FALSE		0
104	52	4	15	2	16	3	12	0	Athos						FALSE		0
108	61	8	16	19	0	0	4	1	Erk						TRUE		0
104	45	17	13	12	0	14	4	0	Pent						FALSE		0
96	43	6	22	4	3	7	11	0	Athos						FALSE		0
103	44	12	16	0	0	25	6	1	Pent						TRUE		0
90	47	3	14	6	4	9	7	0	Athos						FALSE		0
104	60	6	22	5	0	4	7	1	Erk						TRUE		0
102	54	9	16	0	6	10	7	0	Pent						FALSE		0
132	54	24	22	6	2	7	12	1	Athos						TRUE		0
121	57	16	12	5	7	15	9	1	Pent						TRUE		0
118	56	6	15	8	0	15	8	0	Athos						FALSE		0
108	63	8	12	11	0	5	9	0	Erk						FALSE		0
112	47	23	18	8	0	10	6	1	Pent						TRUE		0
91	57	6	8	6	2	5	7	0	Athos						FALSE		0
116	65	10	19	5	1	6	10	0	Erk						FALSE		0
120	69	23	12	7	2	4	3	1	Pent						TRUE		0
101	46	13	18	8	0	4	12	0	Athos						FALSE		0
116	42	24	19	3	11	8	9	1	Pent						TRUE		0
104	41	7	19	25	0	3	9	0	Athos						FALSE		0
113	54	16	19	2	3	7	12	1	Pent						TRUE		0
131	58	21	18	20	2	10	2	1	Athos						TRUE		0
117	64	11	16	9	0	4	13	0	Erk						FALSE		0
128	61	34	15	5	0	8	5	1	Pent						TRUE		0
88	46	8	13	11	0	0	10	0	Athos						FALSE		0
105	65	7	19	1	5	0	8	1	Erk						TRUE		0
99	51	22	19	2	0	2	3	0	Athos						FALSE		0
115	60	15	5	11	18	0	10	1	Erk						TRUE		0
99	44	23	15	5	2	6	4	0	Pent						FALSE		0
73	24	0	18	18	0	10	3	0	Kent						FALSE		0
94	50	7	15	8	0	7	7	1	Athos						TRUE		0
103	44	10	19	12	3	11	4	1	Pent						TRUE		0
95	54	11	12	3	0	5	10	0	Kent						FALSE		0
109	47	17	11	10	7	10	7	1	Athos						TRUE		0
104	61	8	15	8	3	4	5	0	Erk						FALSE		0
113	48	7	7	15	5	7	9	0	Pent						FALSE		0
119	44	29	16	4	9	4	13	1	Athos						TRUE		0
99	59	4	16	0	17	0	3	0	Erk						FALSE		0
88	49	2	15	7	11	0	4	0	Pent						FALSE		0
112	39	7	19	12	18	5	12	1	Athos						TRUE		0
120	54	13	16	5	1	22	9	1	Pent						TRUE		0
101	55	9	19	1	2	3	12	0	Athos						FALSE		0
115	54	16	19	4	4	9	9	1	Pent						TRUE		0
92	41	15	12	2	2	10	10	0	Athos						FALSE		0
95	56	9	11	9	0	2	8	1	Erk						TRUE		0
88	56	18	8	1	3	0	2	0	Pent						FALSE		0
113	62	13	10	19	2	2	5	1	Athos						TRUE		0
101	58	12	7	11	0	5	8	0	Erk						FALSE		0
104	55	19	15	2	0	9	4	1	Pent						TRUE		0
94	49	13	13	16	0	0	3	0	Kent						FALSE		0
89	46	3	16	6	0	7	11	0	Athos						FALSE		0
111	48	6	19	7	6	17	8	1	Pent						TRUE		0
100	50	20	11	5	0	11	3	0	Athos						FALSE		0
89	56	13	8	3	2	4	3	0	Pent						FALSE		0
106	61	5	19	13	0	6	2	1	Kent						TRUE		0
103	58	5	12	11	0	6	11	0	Erk						FALSE		0
98	44	17	11	9	3	12	2	0	Athos						FALSE		0
108	59	4	11	6	0	16	12	0	Erk						FALSE		0
130	57	8	18	12	9	19	7	1	Pent						TRUE		0
110	56	25	18	9	0	10	2	0	Pent						FALSE		0
112	60	14	22	5	0	8	3	1	Kent						TRUE		0
104	63	14	10	2	0	5	10	0	Erk						FALSE		0
83	57	12	3	1	0	5	5	0	Athos						FALSE		0
96	47	9	9	9	3	14	5	0	Athos						FALSE		0
113	63	3	18	14	8	0	7	1	Erk						TRUE		0
112	56	12	14	6	3	12	9	0	Pent						FALSE		0
124	67	8	22	3	9	9	6	1	Athos						TRUE		0
95	63	5	10	1	2	7	7	0	Erk						FALSE		0
106	56	7	16	10	6	3	8	0	Pent						FALSE		0
114	66	16	12	0	1	4	15	0	Athos						FALSE		0
122	49	18	19	23	4	3	6	1	Sain						TRUE		0
111	59	19	12	6	5	6	4	0	Athos						FALSE		0
131	66	19	11	18	11	0	6	1	Erk						TRUE		0
113	60	8	15	15	8	4	3	0	Pent						FALSE		0
97	72	4	6	8	0	3	4	0	Kent						FALSE		0
121	61	15	17	1	12	0	15	1	Erk						TRUE		0
107	50	27	11	8	0	8	3	0	Athos						FALSE		0
118	66	19	10	10	2	9	2	0	Kent						FALSE		0
125	61	33	11	5	0	14	1	1	Pent						TRUE		0
100	45	6	13	20	1	15	0	0	Pent						FALSE		0
101	38	10	16	20	0	17	0	1	Sain						TRUE		0
87	52	3	4	3	18	7	7	0	Erk						FALSE		0
94	49	10	13	8	2	5	7	0	Athos						FALSE		0
98	38	15	9	6	5	18	7	0	Kent						FALSE		0
98	64	5	4	16	5	4	0	0	Pent						FALSE		0
109	45	7	15	26	2	13	1	0	Sain						FALSE		0
133	72	16	22	3	0	5	15	1	Erk						TRUE		0
111	65	16	4	5	13	5	3	0	Athos						FALSE		0
119	70	7	15	5	0	20	2	0	Kent						FALSE		0
105	55	30	8	12	0	0	0	0	Kent						FALSE		0
103	48	6	11	28	1	4	5	0	Pent						FALSE		0
140	56	14	14	34	0	16	6	1	Sain						TRUE		0
120	65	18	11	8	3	10	5	0	Erk						FALSE		0
121	63	18	16	17	4	0	3	0	Athos						FALSE		0
102	52	0	22	10	3	5	10	0	Athos						FALSE		0
110	45	28	13	6	7	2	10	1	Sain						TRUE		0
112	70	6	15	1	9	5	6	0	Sain						FALSE		0
118	64	18	17	6	3	2	8	1	Erk						TRUE		0
106	56	9	15	7	0	12	7	0	Athos						FALSE		0
87	48	6	13	0	10	4	6	0	Athos						FALSE		0
108	55	12	19	3	5	2	15	1	Sain						TRUE		0
103	64	5	11	4	0	4	15	0	Erk						FALSE		0
97	53	7	16	3	7	10	1	0	Sain						FALSE		0
123	67	23	18	9	0	1	5	1	Athos						TRUE		0
114	52	21	15	8	4	12	2	1	Athos						TRUE		0
113	71	3	15	9	0	0	15	0	Erk						FALSE		0
114	50	10	18	17	0	15	4	1	Sain						TRUE		0
131	78	6	5	4	30	2	6	0	Erk						FALSE		0
131	64	24	12	15	9	5	2	0	Sain						FALSE		0
138	71	34	10	5	0	10	8	0	Athos						FALSE		0
143	65	16	13	12	0	32	5	1	Pent						TRUE		0
84	41	0	12	20	1	4	6	0	Athos						FALSE		0
117	50	0	22	20	10	3	12	1	Sain						TRUE		0
131	46	26	9	17	0	33	0	0	Pent						FALSE		0
125	66	18	9	8	12	12	0	0	Kent						FALSE		0
144	62	27	8	16	8	18	5	1	Sain						TRUE		0
125	74	3	15	12	1	12	8	0	Erk						FALSE		0
120	66	38	2	4	1	2	7	0	Athos						FALSE		0
123	53	12	19	24	0	5	10	1	Pent						TRUE		0
101	50	7	19	11	3	1	10	0	Sain						FALSE		0
118	51	9	11	11	20	6	10	0	Athos						FALSE		0
120	53	12	22	16	0	12	5	1	Sain						TRUE		0
103	51	23	13	9	2	4	1	0	Pent						FALSE		0
87	54	3	11	7	5	3	4	0	Erk						FALSE		0
114	53	18	8	11	10	10	4	1	Sain						TRUE		0
108	65	6	15	13	0	1	8	0	Erk						FALSE		0
99	53	16	11	2	0	9	8	0	Athos						FALSE		0
132	65	22	15	8	7	15	0	0	Pent						FALSE		0
116	82	13	8	1	2	6	4	0	Athos						FALSE		0
140	50	26	11	28	2	23	0	1	Sain						TRUE		0
122	63	22	12	13	1	9	2	0	Kent						FALSE		0
107	70	12	0	1	6	3	15	0	Erk						FALSE		0
97	58	12	12	1	2	0	12	0	Erk						FALSE		0
88	49	7	11	9	2	8	2	0	Sain						FALSE		0
117	60	15	13	3	14	5	7	1	Athos						TRUE		0
120	61	10	18	10	0	18	3	0	Pent						FALSE		0
100	53	3	10	18	1	15	0	0	Sain						FALSE		0
106	67	13	3	7	2	7	7	0	Erk						FALSE		0
124	67	25	5	2	1	14	10	0	Athos						FALSE		0
130	66	23	17	12	2	10	0	1	Kent						TRUE		0
89	44	3	16	13	0	6	7	0	Nino						FALSE		0
118	52	6	15	32	2	4	7	1	Sain						TRUE		0
99	50	11	14	3	4	8	9	0	Ninian						FALSE		0
98	55	21	10	0	0	1	12	0	Sain						FALSE		0
100	46	10	14	6	0	15	9	1	Nino						TRUE		0
99	35	6	19	18	0	12	9	1	Sain						TRUE		0
97	40	8	16	12	2	7	12	0	Ninian						FALSE		0
97	48	8	14	13	2	10	2	0	Nino						FALSE		0
121	53	28	13	1	0	11	15	0	Ninian						FALSE		0
127	45	11	14	5	0	45	7	1	Sain						TRUE		0
98	51	0	13	2	8	15	9	0	Nino						FALSE		0
129	69	3	19	11	0	15	12	1	Sain						TRUE		0
95	34	14	15	14	7	6	5	0	Nino						FALSE		0
110	55	7	19	10	7	5	7	1	Sain						TRUE		0
98	41	9	18	6	2	10	12	0	Ninian						FALSE		0
99	51	8	16	1	0	11	12	0	Nino						FALSE		0
108	47	7	22	6	4	11	9	1	Sain						TRUE		0
106	54	18	11	8	0	6	9	1	Ninian						TRUE		0
86	28	0	12	3	0	36	7	0	Nino						FALSE		0
102	36	0	14	0	0	47	5	0	Sain						FALSE		0
101	43	19	13	10	0	4	12	0	Nino						FALSE		0
107	33	4	22	17	1	12	9	1	Sain						TRUE		0
108	46	21	17	6	0	14	4	0	Pent						FALSE		0
89	40	0	10	16	9	12	2	0	Nino						FALSE		0
96	43	11	8	13	0	13	8	0	Ninian						FALSE		0
96	43	11	8	13	0	13	8	0	Lucius						FALSE		0
88	43	2	12	14	9	4	4	0	Florina						FALSE		0
88	43	2	12	14	9	4	4	0	Lowen						FALSE		0
118	56	14	10	8	5	13	12	1	Sain						TRUE		0
112	46	14	15	16	0	14	7	0	Pent						FALSE		0
98	35	19	7	8	13	9	7	0	Nino						FALSE		0
113	62	23	12	4	1	6	5	0	Ninian						FALSE		0
127	68	15	15	8	0	17	4	1	Sain						TRUE		0
94	20	17	7	3	0	40	2	0	Lucius						FALSE		0
93	42	3	16	9	0	18	5	0	Nino						FALSE		0
131	67	16	22	3	2	9	12	1	Sain						TRUE		0
89	34	0	22	18	0	14	0	1	Nino						TRUE		0
75	35	5	13	0	3	19	0	0	Sain						FALSE		0
105	32	8	19	4	8	25	9	1	Nino						TRUE		0
99	41	15	22	2	0	7	12	0	Sain						FALSE		0
110	34	6	16	16	0	29	9	0	Sain						FALSE		0
124	39	16	22	18	0	17	12	1	Pent						TRUE		0
122	36	7	16	42	0	12	9	1	Sain						TRUE		0
122	54	13	19	19	1	10	6	0	Sain						FALSE		0
118	29	4	12	33	0	36	4	0	Nino						FALSE		0
130	65	12	14	1	0	23	15	1	Wallace						TRUE		0
109	41	9	7	15	3	32	2	0	Lucius						FALSE		0
111	47	10	16	14	5	7	12	1	Sain						TRUE		0
93	38	9	22	9	0	6	9	0	Nino						FALSE		0
120	51	14	19	9	4	11	12	1	Sain						TRUE		0
105	32	4	16	29	8	4	12	0	Nino						FALSE		0
113	41	17	13	12	0	14	6	0	Nino						FALSE		0
122	46	4	22	33	0	14	3	1	Sain						TRUE		0
133	62	12	22	15	7	3	12	1	Sain						TRUE		0
107	47	9	16	12	5	3	9	0	Nino						FALSE		0
107	37	4	22	26	0	9	15	0	Nino						FALSE		0
139	44	12	16	29	1	37	6	1	Sain						TRUE		0
95	41	3	22	17	4	3	5	0	Ninian						FALSE		0
74	32	2	7	21	2	10	0	0	Nino						FALSE		0
89	26	9	4	0	27	16	7	0	Sain						FALSE		0
105	45	3	7	16	0	24	10	1	Hawkeye						TRUE		0
90	36	0	13	18	10	11	2	0	Florina						FALSE		0
110	45	15	19	10	0	9	12	1	Nino						TRUE		0
100	56	16	16	0	0	0	12	0	Sain						FALSE		0
110	62	0	19	6	0	11	12	1	Sain						TRUE		0
90	45	3	16	8	0	6	12	0	Nino						FALSE		0
99	51	2	16	11	1	6	12	0	Ninian						FALSE		0
118	41	0	22	32	5	9	9	1	Sain						TRUE		0
94	33	4	22	18	0	11	6	1	Sain						TRUE		0
82	42	6	9	3	2	5	15	0	Ninian						FALSE		0
117	45	25	0	11	0	31	5	0	Hawkeye						FALSE		0
116	69	16	13	4	0	2	12	0	Nino						FALSE		0
113	33	7	22	30	0	25	7	0	Sain						FALSE		0
119	58	23	12	19	0	7	0	1	Lucius						TRUE		0
101	49	11	9	11	0	19	2	0	Florina						FALSE		0
101	49	11	9	11	0	19	2	0	Lowen						FALSE		0
108	40	14	19	9	0	11	15	1	Pent						TRUE		0
93	34	0	14	18	2	16	9	0	Sain						FALSE		0
99	40	7	14	2	1	23	12	0	Pent						FALSE		0
113	34	6	14	10	7	30	12	1	Sain						TRUE		0
120	74	12	11	16	0	3	9	1	Sain						TRUE		0
106	45	6	16	4	0	28	7	0	Nino						FALSE		0
109	39	9	15	10	0	29	7	0	Lucius						FALSE		0
109	47	4	19	10	0	17	12	0	Nino						FALSE		0
124	53	26	22	6	4	4	9	1	Sain						TRUE		0
104	49	5	22	7	2	10	9	0	Athos						FALSE		0
118	49	12	15	18	8	9	7	1	Pent						TRUE		0
111	63	12	19	3	0	7	7	0	Nino						FALSE		0
102	48	13	14	14	0	9	4	0	Athos						FALSE		0
117	60	11	12	22	10	3	10	1	Sain						TRUE		0
85	48	7	12	14	0	2	2	0	Nino						FALSE		0
97	44	7	11	20	0	8	7	0	Pent						FALSE		0
108	49	16	9	6	6	15	7	0	Athos						FALSE		0
115	67	12	15	5	0	4	12	1	Sain						TRUE		0
60	26	3	12	16	0	1	2	0	Erk						FALSE		0
90	54	12	8	7	0	7	2	0	Pent						FALSE		0
102	55	5	16	5	0	9	12	1	Nino						TRUE		0
97	44	12	16	9	7	0	9	0	Sain						FALSE		0
102	27	4	14	7	26	17	7	0	Lucius						FALSE		0
111	67	16	11	7	8	2	0	0	Nino						FALSE		0
97	50	4	11	10	14	6	2	0	Florina						FALSE		0
99	60	12	2	10	2	13	0	0	Lowen						FALSE		0
114	64	8	5	15	0	15	7	1	Sain						TRUE		0
88	34	6	8	13	0	17	5	0	Ninian						FALSE		0
131	49	31	16	3	5	17	10	1	Sain						TRUE		0
92	52	13	13	6	0	1	7	0	Nino						FALSE		0
84	39	3	11	2	1	24	4	0	Lucius						FALSE		0
58	34	3	6	7	5	2	2	0	Fiora						FALSE		0
93	37	9	5	15	0	22	5	0	Lowen						FALSE		0
145	55	40	16	6	15	13	0	1	Sain						TRUE		0
93	43	14	3	8	13	0	12	0	Nino						FALSE		0
104	39	14	14	8	15	7	7	0	Florina						FALSE		0
104	59	14	12	2	11	2	4	0	Lucius						FALSE		0
114	68	5	20	3	0	13	5	0	Hawkeye						FALSE		0
144	56	23	23	9	0	28	5	0	Florina						FALSE		0
128	71	21	12	8	3	13	0	0	Nino						FALSE		0
130	64	27	15	1	6	12	5	0	Lowen						FALSE		0
150	71	29	13	11	8	11	7	1	Sain						TRUE		0
144	62	9	26	35	6	2	4	0	Lucius						FALSE		0
113	63	6	17	20	2	5	0	0	Sain						FALSE		0
97	55	3	8	4	6	21	0	0	Nino						FALSE		0
105	48	3	7	6	23	16	2	0	Lucius						FALSE		0
128	52	14	22	14	0	21	5	1	Hawkeye						TRUE		0
101	46	3	1	10	12	22	7	0	Florina						FALSE		0
117	57	6	17	16	5	11	5	0	Lowen						FALSE		0
107	36	7	7	5	18	24	10	0	Lucius						FALSE		0
121	58	4	12	12	8	21	6	0	Hawkeye						FALSE		0
143	56	8	22	30	8	9	10	1	Sain						TRUE		0
96	52	3	22	5	5	0	9	0	Nino						FALSE		0
95	36	9	10	11	0	22	7	0	Lowen						FALSE		0
122	59	6	9	13	10	16	9	1	Sain						TRUE		0
113	50	8	2	18	6	13	12	0	Nino						FALSE		0
140	64	18	12	0	20	6	9	1	Sain						TRUE		0
130	52	11	18	7	15	17	10	0	Lucius						FALSE		0
141	50	6	13	13	27	25	7	1	Sain						TRUE		0
111	50	8	9	2	7	31	4	0	Nino						FALSE		0
110	52	7	5	4	17	15	10	0	Lucius						FALSE		0
119	60	24	17	13	4	1	0	0	Florina						FALSE		0
109	45	6	13	10	1	29	5	0	Nino						FALSE		0
115	50	16	10	4	0	31	4	1	Sain						TRUE		0
108	60	4	19	5	2	16	2	0	Lowen						FALSE		0
128	54	23	19	7	7	6	12	1	Sain						TRUE		0
106	53	8	22	4	0	7	12	0	Nino						FALSE		0
124	54	9	11	9	6	15	12	1	Sain						TRUE		0
88	45	0	3	8	0	16	12	0	Nino						FALSE		0
91	52	15	6	6	8	2	2	0	Florina	5_5				1	FALSE		0
114	45	22	8	18	6	5	10	1	Sain	1_5				2	TRUE		0
103	54	8	11	14	0	4	12	0	Nino	3_5				3	FALSE		0
108	45	12	11	16	12	10	2	0	Lowen	2_5				4	FALSE		0
102	53	18	9	5	3	12	2	0	Lucius	4_5				5	FALSE		0
111	41	24	6	6	0	30	4	0	Lucius						FALSE		0
137	60	40	15	11	2	2	7	1	Nino						TRUE		0
104	52	5	1	6	0	35	5	0	Florina						FALSE		0
132	61	33	9	16	4	4	5	0	Sain						FALSE		0
118	48	23	11	14	0	15	7	0	Lowen						FALSE		0
128	56	7	6	4	18	17	9	0	Sain						FALSE		0
129	70	12	12	1	5	9	12	1	Nino						TRUE		0
117	75	14	11	7	1	2	7	0	Lowen	4_5				1	FALSE		0
112	66	12	6	2	4	12	10	0	Florina	5_5				2	FALSE		0
118	69	8	10	11	7	9	5	0	Sain	3_5				3	FALSE		0
125	53	21	16	10	4	19	2	1	Nino	1_5				4	TRUE		0
125	58	12	7	18	10	15	5	1	Lucius	1_5				5	TRUE		0
126	58	44	5	2	1	11	5	0	Lucius	2_6				1	FALSE		0
112	67	18	1	13	0	11	2	0	Nino	4_6				2	FALSE		0
144	82	18	16	11	13	2	2	1	Sain	1_6				3	TRUE		0
107	56	22	8	12	0	10	9	0	Lowen	5_6				4	FALSE		0
124	59	19	11	15	6	9	5	0	Florina	3_6				5	FALSE		0
98	39	20	7	15	11	6	0	0	Karel	6_6				6	FALSE		0
86	41	7	17	12	0	9	0	0	Lowen	5_5				1	FALSE		0
112	44	28	15	7	2	7	9	0	Nino	3_5				2	FALSE		0
123	49	33	15	0	7	15	4	0	Lucius	2_5				3	FALSE		0
92	57	3	5	1	11	15	2	0	Florina	4_5				4	FALSE		0
133	57	10	19	12	21	4	10	1	Sain	1_5				5	TRUE		0
129	60	10	18	15	2	22	2	1	Sain	1_6				1	TRUE		0
98	52	0	18	13	2	6	7	0	Lowen	5_6				2	FALSE		0
109	41	12	17	21	3	13	2	0	Oswin	3_6				3	FALSE		0
101	37	9	17	6	16	14	2	0	Florina	4_6				4	FALSE		0
98	45	17	11	4	9	7	5	0	Nino	5_6				5	FALSE		0
116	40	23	0	6	3	35	9	0	Lucius	2_6				6	FALSE		0
126	58	22	12	13	14	4	2	0	Athos						FALSE		0
98	57	0	6	5	0	23	7	0	Erk						FALSE		0
154	74	26	13	13	19	7	2	1	Sain						TRUE		0
131	77	25	6	11	1	1	10	0	Pent						FALSE		0
103	44	6	11	12	4	26	0	0	Kent						FALSE		0
85	36	6	6	14	10	9	4	0	Athos	4_4				1	FALSE		0
89	42	4	3	3	10	19	8	0	Erk	3_4				2	FALSE		0
104	50	19	15	6	5	4	5	1	Kent	1_4				3	TRUE		0
99	48	12	14	7	6	9	3	0	Sain	2_4				4	FALSE		0
111	54	9	10	7	8	23	0	0	Lowen	5_5				1	FALSE		0
127	55	11	18	9	2	17	15	1	Florina	1_5				2	TRUE		0
121	63	13	15	2	3	22	2	0	Sain	2_5				3	FALSE		0
120	38	17	19	11	20	11	4	0	Oswin	3_5				4	FALSE		0
119	42	5	20	24	9	17	2	0	Dart	4_5				5	FALSE		0
147	57	15	9	27	4	33	2	1	Merlinus						TRUE		0
115	51	11	18	26	4	5	0	0	Oswin						FALSE		0
130	73	12	15	5	4	16	5	0	Nino						FALSE		0
138	54	13	13	25	13	18	2	0	Sain						FALSE		0
118	53	6	7	9	10	21	12	0	Florina						FALSE		0
118	53	6	7	9	10	21	12	0	Lowen						FALSE		0
127	63	19	22	23	0	16	7	1	Florina						TRUE		0
125	48	17	6	8	27	17	2	0	Rebecca						FALSE		0
92	53	7	7	8	7	5	5	0	Karla						FALSE		0
121	31	17	7	2	0	59	5	0	Sain						FALSE		0
124	31	8	13	8	0	57	7	0	Lowen						FALSE		0
126	54	23	11	13	7	13	5	0	Nino						FALSE		0
127	47	4	17	3	13	33	10	0	Lucius	3_6				1	FALSE		0
117	53	21	14	4	0	25	0	0	Nino	4_6				2	FALSE		0
117	54	11	6	18	0	26	2	0	Lowen	4_6				3	FALSE		0
139	70	16	14	10	9	18	2	1	Sain	1_6				4	TRUE		0
110	48	17	17	9	3	6	10	0	Hawkeye	6_6				5	FALSE		0
136	64	18	14	11	4	23	2	0	Florina	2_6				6	FALSE		0
124	52	38	10	15	0	7	2	0	Nino						FALSE		0
121	50	17	10	16	0	16	12	0	Lucius						FALSE		0
118	39	11	16	21	0	29	2	0	Hawkeye						FALSE		0
142	66	16	17	20	0	16	7	1	Florina						TRUE		0
108	43	12	12	5	0	36	0	0	Lowen						FALSE		0
117	36	19	9	13	15	0	15	0	Hawkeye						FALSE		0
136	34	8	5	40	5	24	9	1	Sain						TRUE		0
113	50	17	16	13	0	7	10	0	Nino	3_4				1	FALSE		0
115	65	16	18	5	0	9	2	0	Lucius	2_4				2	FALSE		0
128	63	10	13	28	0	7	7	1	Sain	1_4				3	TRUE		0
103	53	3	14	3	0	28	2	0	Hawkeye	4_4				4	FALSE		0
124	46	6	5	0	0	43	15	1	Hawkeye						TRUE		0
117	38	6	11	21	0	22	9	0	Sain						FALSE		0
132	58	30	15	15	0	10	4	1	Nino	1_4				1	TRUE		0
114	47	15	15	18	8	4	7	0	Lucius	3_4				2	FALSE		0
101	56	12	8	8	0	20	5	0	Hawkeye	4_4				3	FALSE		0
132	61	7	19	19	0	22	10	1	Sain	1_4				4	TRUE		0
128	50	8	9	17	14	5	10	1	Hawkeye						TRUE		0
124	63	10	7	15	5	2	9	0	Sain						FALSE		0
119	67	37	7	2	0	4	2	0	Nino						FALSE		0
97	35	14	4	3	18	18	5	0	Florina						FALSE		0
125	65	27	15	4	4	6	4	0	Hawkeye						FALSE		0
122	55	24	13	12	7	6	5	0	Lucius						FALSE		0
130	67	17	18	4	0	22	2	0	Lowen						FALSE		0
138	59	42	17	2	0	6	12	1	Sain						TRUE		0
121	58	21	17	6	7	2	10	0	Nino						FALSE		0
107	65	10	9	15	0	8	0	0	Lowen						FALSE		0
135	62	28	18	0	2	15	10	1	Sain						TRUE		0
118	32	3	18	2	8	48	7	0	Hawkeye						FALSE		0
110	65	10	20	0	0	5	10	1	Lowen						TRUE		0
104	45	12	14	13	6	10	4	0	Sain						FALSE		0
109	41	6	23	0	0	29	10	0	Hawkeye						FALSE		0
107	58	16	11	5	2	0	15	0	Athos						FALSE		0
94	71	3	9	5	0	2	4	0	Erk						FALSE		0
118	69	17	23	4	0	3	2	0	Sain						FALSE		0
122	54	23	20	16	0	9	0	1	Pent						TRUE		0
119	67	37	7	2	0	4	2	0	Nino	5_6				1	FALSE		0
97	35	14	4	3	18	18	5	0	Florina	6_6				2	FALSE		0
125	65	27	15	4	4	6	4	0	Hawkeye	3_6				3	FALSE		0
122	55	24	13	12	7	6	5	0	Lucius	4_6				4	FALSE		0
130	67	17	18	4	0	22	2	0	Lowen	2_6				5	FALSE		0
138	59	42	17	2	0	6	12	1	Sain	1_6				6	TRUE		0
121	58	21	17	6	7	2	10	0	Nino	2_4				1	FALSE		0
107	65	10	9	15	0	8	0	0	Lowen	4_4				2	FALSE		0
135	62	28	18	0	2	15	10	1	Sain	1_4				3	TRUE		0
118	32	3	18	2	8	48	7	0	Hawkeye	3_4				4	FALSE		0
110	65	10	20	0	0	5	10	1	Lowen	1_3				1	TRUE		0
104	45	12	14	13	6	10	4	0	Sain	3_3				2	FALSE		0
109	41	6	23	0	0	29	10	0	Hawkeye	2_3				3	FALSE		0
132	55	36	18	12	0	3	8	1	Sain	1_3				1	TRUE		0
104	44	14	20	3	2	14	7	0	Pent	3_3				2	FALSE		0
105	61	6	23	1	2	7	5	0	Athos	2_3				3	FALSE		0
120	55	15	23	2	6	9	10	0	Athos	2_5				1	FALSE		0
118	62	11	11	10	3	21	0	0	Pent	3_5				2	FALSE		0
116	57	9	16	5	0	19	10	0	Nino	4_5				3	FALSE		0
123	57	16	23	5	0	22	0	1	Hawkeye	1_5				4	TRUE		0
114	47	22	21	10	6	1	7	0	Sain	5_5				5	FALSE		0
117	52	17	13	15	15	5	0	0	Lowen	3_5				1	FALSE		0
122	49	13	18	6	10	16	10	0	Sain	2_5				2	FALSE		0
111	62	15	11	6	4	3	10	0	Nino	4_5				3	FALSE		0
129	58	18	15	7	9	15	7	1	Hawkeye	1_5				4	TRUE		0
99	20	15	7	32	1	22	2	0	Lucius	5_5				5	FALSE		0
121	66	6	18	10	0	16	5	1	Sain	1_4	chipping_sparrow,coppersmith_barbet,pileated_woodpecker,hawfinch,wood_duck	olive_backed_sunbird,painted_bunting,eurasian_hoopoe,eastern_imperial_eagle,common_tailorbird	brolga,common_starling,american_bittern,lesser_frigatebird	1	TRUE	chipping_sparrow,coppersmith_barbet,pileated_woodpecker,hawfinch,wood_duck,olive_backed_sunbird,painted_bunting,eurasian_hoopoe,eastern_imperial_eagle,common_tailorbird,brolga,common_starling,american_bittern,lesser_frigatebird	14
113	47	6	20	9	3	28	0	0	Lucius	3_4	pygmy_nuthatch,violet_green_swallow,eurasian_nuthatch	blyths_hornbill,pheasant_coucal,burrowing_owl,bluethroat	black_necked_stilt,mute_swan,purple_gallinule,smew	2	FALSE	pygmy_nuthatch,violet_green_swallow,eurasian_nuthatch,blyths_hornbill,pheasant_coucal,burrowing_owl,bluethroat,black_necked_stilt,mute_swan,purple_gallinule,smew	11
119	49	17	20	8	0	13	12	0	Hawkeye	2_4	rufous_banded_honeyeater,yellowhammer,spangled_drongo,rufous_owl	twite,chimney_swift,european_goldfinch,north_island_brown_kiwi	bushtit,great_egret,double_crested_cormorant,australian_reed_warbler,white_faced_ibis	3	FALSE	rufous_banded_honeyeater,yellowhammer,spangled_drongo,rufous_owl,twite,chimney_swift,european_goldfinch,north_island_brown_kiwi,bushtit,great_egret,double_crested_cormorant,australian_reed_warbler,white_faced_ibis	13
108	53	14	8	8	7	14	4	0	Lowen	4_4	wedge_tailed_eagle,red_winged_parrot,oriental_bay_owl	franklins_gull,desert_wheatear,swainsons_hawk,brown_shrike,cedar_waxwing	roseate_spoonbill,grey_butcherbird,yellow_breasted_chat	4	FALSE	wedge_tailed_eagle,red_winged_parrot,oriental_bay_owl,franklins_gull,desert_wheatear,swainsons_hawk,brown_shrike,cedar_waxwing,roseate_spoonbill,grey_butcherbird,yellow_breasted_chat	11
127	64	10	19	14	0	14	6	1	Sain	1_4	red_headed_woodpecker,coppersmith_barbet,red_eyed_vireo,black_woodpecker,common_green_magpie	eurasian_collared_dove,wedge_tailed_eagle,zebra_dove	barrows_goldeneye,australian_ibis,little_pied_cormorant,great_egret,purple_gallinule	1	TRUE	red_headed_woodpecker,coppersmith_barbet,red_eyed_vireo,black_woodpecker,common_green_magpie,eurasian_collared_dove,wedge_tailed_eagle,zebra_dove,barrows_goldeneye,australian_ibis,little_pied_cormorant,great_egret,purple_gallinule	13
115	53	19	22	12	0	4	5	0	Nino	3_4	southern_cassowary,north_island_brown_kiwi,corsican_nuthatch,blyths_hornbill	australian_owlet_nightjar,western_meadowlark,fish_crow	greylag_goose,lesser_frigatebird,wood_stork	2	FALSE	southern_cassowary,north_island_brown_kiwi,corsican_nuthatch,blyths_hornbill,australian_owlet_nightjar,western_meadowlark,fish_crow,greylag_goose,lesser_frigatebird,wood_stork	10
122	61	21	21	2	0	7	10	0	Hawkeye	2_4	kereru,pileated_woodpecker,bonellis_eagle	gray_wagtail,painted_bunting,blue_winged_warbler,yellow_breasted_chat,peregrine_falcon	common_moorhen,crested_ibis,ruff,annas_hummingbird,greater_adjutant	3	FALSE	kereru,pileated_woodpecker,bonellis_eagle,gray_wagtail,painted_bunting,blue_winged_warbler,yellow_breasted_chat,peregrine_falcon,common_moorhen,crested_ibis,ruff,annas_hummingbird,greater_adjutant	13
115	49	26	14	12	10	4	0	0	Lucius	3_4	coal_tit,bells_vireo,small_minivet,kakapo	red_backed_shrike,grandala,greater_roadrunner	king_rail,stork_billed_kingfisher,black_crowned_night_heron	4	FALSE	coal_tit,bells_vireo,small_minivet,kakapo,red_backed_shrike,grandala,greater_roadrunner,king_rail,stork_billed_kingfisher,black_crowned_night_heron	10
123	59	21	14	7	1	4	9	1	Nino	1_2	eastern_screech_owl,rufous_owl,major_mitchells_cockatoo	desert_wheatear,white_stork,white_wagtail,golden_eagle	laughing_kookaburra,osprey,tree_swallow,roseate_spoonbill,crested_ibis	1	TRUE	eastern_screech_owl,rufous_owl,major_mitchells_cockatoo,desert_wheatear,white_stork,white_wagtail,golden_eagle,laughing_kookaburra,osprey,tree_swallow,roseate_spoonbill,crested_ibis	12
113	52	17	9	6	4	4	12	0	Sain	2_2	mandarin_duck,european_robin,western_tanager,yellowhammer	eurasian_kestrel,common_iora,painted_bunting,indian_peafowl,mississippi_kite	little_egret,snowy_egret,black_skimmer,spoon_billed_sandpiper	2	FALSE	mandarin_duck,european_robin,western_tanager,yellowhammer,eurasian_kestrel,common_iora,painted_bunting,indian_peafowl,mississippi_kite,little_egret,snowy_egret,black_skimmer,spoon_billed_sandpiper	13
92	52	0	12	0	0	19	9	0	Nino	4_4	goldcrest,hawfinch,white_backed_woodpecker,rufous_owl,prothonotary_warbler	bairds_sparrow,european_roller	ring_billed_gull,northern_mockingbird,mute_swan,anhinga,golden_eagle	1	FALSE	goldcrest,hawfinch,white_backed_woodpecker,rufous_owl,prothonotary_warbler,bairds_sparrow,european_roller,ring_billed_gull,northern_mockingbird,mute_swan,anhinga,golden_eagle	12
95	48	13	11	4	2	10	7	0	Sain	3_4	western_tanager,laughing_kookaburra,wood_duck,blyths_hornbill	barnowl,dickcissel,cedar_waxwing	mallard,common_goldeneye,atlantic_puffin,willet,cettis_warbler	2	FALSE	western_tanager,laughing_kookaburra,wood_duck,blyths_hornbill,barnowl,dickcissel,cedar_waxwing,mallard,common_goldeneye,atlantic_puffin,willet,cettis_warbler	12
107	50	31	12	2	0	12	0	1	Florina	1_4	red_cockaded_woodpecker,northern_cardinal,bullfinch,cerulean_warbler,kakapo	franklins_gull,bronzed_cowbird,eastern_imperial_eagle	red_winged_blackbird,black_tailed_godwit,black_bellied_whistling_duck,american_bittern	3	TRUE	red_cockaded_woodpecker,northern_cardinal,bullfinch,cerulean_warbler,kakapo,franklins_gull,bronzed_cowbird,eastern_imperial_eagle,red_winged_blackbird,black_tailed_godwit,black_bellied_whistling_duck,american_bittern	12
101	47	14	16	0	0	19	5	0	Hawkeye	2_4	american_redstart,tui,southern_cassowary,european_turtle_dove,wild_turkey	golden_headed_cisticola,eurasian_green_woodpecker,red_throated_hummingbird	common_raven,audouins_gull,common_chiffchaff,wrybill	4	FALSE	american_redstart,tui,southern_cassowary,european_turtle_dove,wild_turkey,golden_headed_cisticola,eurasian_green_woodpecker,red_throated_hummingbird,common_raven,audouins_gull,common_chiffchaff,wrybill	12
108	53	6	20	12	2	6	9	0	Sain	3_3	coal_tit,regent_bowerbird,red_winged_parrot,black_stork,great_horned_owl	black_redstart,common_raven,black_drongo,	american_coot,pink_eared_duck,sarus_crane,black_crowned_night_heron	1	FALSE	coal_tit,regent_bowerbird,red_winged_parrot,black_stork,great_horned_owl,black_redstart,common_raven,black_drongo,,american_coot,pink_eared_duck,sarus_crane,black_crowned_night_heron	13
116	54	20	18	2	6	11	5	1	Lowen	1_3	juniper_titmouse,american_woodcock,cerulean_warbler,white_crested_laughingthrush,red_crossbill	eurasian_eagle_owl,chestnut_collared_longspur,moltonis_warbler	baya_weaver,grey_teal,white_faced_ibis	2	TRUE	juniper_titmouse,american_woodcock,cerulean_warbler,white_crested_laughingthrush,red_crossbill,eurasian_eagle_owl,chestnut_collared_longspur,moltonis_warbler,baya_weaver,grey_teal,white_faced_ibis	11
109	51	10	19	3	0	16	10	0	Hawkeye	2_3	great_crested_flycatcher,red_capped_robin,yellowhammer,northern_flicker,north_island_brown_kiwi	brown_headed_cowbird,says_phoebe,common_swift,golden_headed_cisticola,green_pheasant	yellow_headed_blackbird,red_wattled_lapwing,rufous_night_heron	3	FALSE	great_crested_flycatcher,red_capped_robin,yellowhammer,northern_flicker,north_island_brown_kiwi,brown_headed_cowbird,says_phoebe,common_swift,golden_headed_cisticola,green_pheasant,yellow_headed_blackbird,red_wattled_lapwing,rufous_night_heron	13
99	57	18	12	0	0	7	5	0	Florina	5_6	green_bee_eater,red_winged_parrot,european_turtle_dove,eurasian_nutcracker	desert_wheatear,black_billed_magpie,greater_roadrunner,painted_bunting,plains_wanderer	bluethroat,australian_shelduck,northern_shoveler	1	FALSE	green_bee_eater,red_winged_parrot,european_turtle_dove,eurasian_nutcracker,desert_wheatear,black_billed_magpie,greater_roadrunner,painted_bunting,plains_wanderer,bluethroat,australian_shelduck,northern_shoveler	12
107	54	9	9	9	21	0	5	0	Lowen	3_6	common_iora,gray_catbird,house_crow,common_green_magpie,willie_wagtail	common_nightingale,eurasian_hoopoe,says_phoebe	white_faced_ibis,sarus_crane,plumbeous_redstart,ring_billed_gull	2	FALSE	common_iora,gray_catbird,house_crow,common_green_magpie,willie_wagtail,common_nightingale,eurasian_hoopoe,says_phoebe,white_faced_ibis,sarus_crane,plumbeous_redstart,ring_billed_gull	12
149	62	42	15	5	1	14	10	1	Sain	1_6	blue_gray_gnatcatcher,yellow_billed_cuckoo,galah,mandarin_duck,great_horned_owl	burrowing_owl,asian_koel,sandhill_crane	wilsons_storm_petrel,black_tailed_godwit,wood_stork,white_headed_duck,king_rail	3	TRUE	blue_gray_gnatcatcher,yellow_billed_cuckoo,galah,mandarin_duck,great_horned_owl,burrowing_owl,asian_koel,sandhill_crane,wilsons_storm_petrel,black_tailed_godwit,wood_stork,white_headed_duck,king_rail	13
106	51	6	22	6	1	13	7	0	Hawkeye	4_6	indigo_bunting,cerulean_warbler,small_minivet,red_wattlebird	dark_eyed_junco,california_quail,stubble_quail,grey_headed_mannikin,chestnut_collared_longspur	musk_duck,maned_duck,large_billed_crow,lesser_frigatebird	4	FALSE	indigo_bunting,cerulean_warbler,small_minivet,red_wattlebird,dark_eyed_junco,california_quail,stubble_quail,grey_headed_mannikin,chestnut_collared_longspur,musk_duck,maned_duck,large_billed_crow,lesser_frigatebird	13
88	59	9	6	5	0	4	5	0	Nino	6_6	rose_breasted_grosbeak,white_browed_tit_warbler,spotted_owl,eurasian_nuthatch	red_eyed_bulbul,northern_mockingbird,black_naped_oriole	great_egret,trumpeter_swan,crested_ibis,eurasian_coot,common_grackle	5	FALSE	rose_breasted_grosbeak,white_browed_tit_warbler,spotted_owl,eurasian_nuthatch,red_eyed_bulbul,northern_mockingbird,black_naped_oriole,great_egret,trumpeter_swan,crested_ibis,eurasian_coot,common_grackle	12
116	67	19	11	4	6	4	5	0	Lucius	2_6	great_tit,red_eyed_vireo,forest_owlet,oriental_bay_owl,emu	bronzed_cowbird,blue_winged_warbler,baya_weaver,white_stork	common_sandpiper,snowy_owl,violet_green_swallow,brahminy_kite,ibisbill	6	FALSE	great_tit,red_eyed_vireo,forest_owlet,oriental_bay_owl,emu,bronzed_cowbird,blue_winged_warbler,baya_weaver,white_stork,common_sandpiper,snowy_owl,violet_green_swallow,brahminy_kite,ibisbill	14
141	67	33	18	1	10	0	12	0	Nils	2_4	many_colored_fruit_dove,stellars_jay,hawfinch,downy_woodpecker,great_tit	lazuli_bunting,golden_eagle,north_island_brown_kiwi,indian_peafowl,rose_ringed_parakeet	white_throated_dipper,whooping_crane,red_crowned_crane,prothonotary_warbler	1	FALSE	many_colored_fruit_dove,stellars_jay,hawfinch,downy_woodpecker,great_tit,lazuli_bunting,golden_eagle,north_island_brown_kiwi,indian_peafowl,rose_ringed_parakeet,white_throated_dipper,whooping_crane,red_crowned_crane,prothonotary_warbler	14
119	57	7	13	16	11	8	7	0	Dorcas	4_4	princess_stephanies_astrapia,american_redstart,pileated_woodpecker,red_winged_parrot,sri_lanka_blue_magpie	eastern_bluebird,brewers_blackbird	common_merganser,common_goldeneye,sarus_crane,canada_goose,mute_swan	2	FALSE	princess_stephanies_astrapia,american_redstart,pileated_woodpecker,red_winged_parrot,sri_lanka_blue_magpie,eastern_bluebird,brewers_blackbird,common_merganser,common_goldeneye,sarus_crane,canada_goose,mute_swan	12
120	57	22	13	16	6	6	0	0	Will	3_4	coal_tit,european_honey_buzzard,tui,himalayan_monal,baltimore_oriole	western_meadowlark,savannah_sparrow,northern_bobwhite,killdeer	eastern_phoebe,common_teal,osprey,common_loon,atlantic_puffin	3	FALSE	coal_tit,european_honey_buzzard,tui,himalayan_monal,baltimore_oriole,western_meadowlark,savannah_sparrow,northern_bobwhite,killdeer,eastern_phoebe,common_teal,osprey,common_loon,atlantic_puffin	14
156	68	29	19	6	14	10	10	1	Heath	1_4	common_iora,superb_lyrebird,house_finch,mandarin_duck,blue_winged_warbler	grey_headed_mannikin,little_bustard,kea,australian_magpie,painted_bunting	black_tailed_godwit,spoon_billed_sandpiper,white_wagtail,little_penguin,bonellis_eagle	4	TRUE	common_iora,superb_lyrebird,house_finch,mandarin_duck,blue_winged_warbler,grey_headed_mannikin,little_bustard,kea,australian_magpie,painted_bunting,black_tailed_godwit,spoon_billed_sandpiper,white_wagtail,little_penguin,bonellis_eagle	15
124	63	17	12	11	12	2	7	0	Dorcas	3_4	tufted_titmouse,sri_lanka_frogmouth,rainbow_lorikeet,northern_mockingbird,great_spotted_woodpecker	franklins_gull,white_stork,wedge_tailed_eagle,great_indian_bustard,brown_shrike	roseate_spoonbill,osprey,bluethroat	1	FALSE	tufted_titmouse,sri_lanka_frogmouth,rainbow_lorikeet,northern_mockingbird,great_spotted_woodpecker,franklins_gull,white_stork,wedge_tailed_eagle,great_indian_bustard,brown_shrike,roseate_spoonbill,osprey,bluethroat	13
120	49	10	11	7	33	3	7	0	Will	4_4	red_bellied_woodpecker,sri_lanka_blue_magpie,blue_gray_gnatcatcher,european_honey_buzzard,great_hornbill	eurasian_golden_oriole,black_chinned_hummingbird	savis_warbler,green_pygmy_goose,american_white_pelican,crested_ibis,black_redstart	2	FALSE	red_bellied_woodpecker,sri_lanka_blue_magpie,blue_gray_gnatcatcher,european_honey_buzzard,great_hornbill,eurasian_golden_oriole,black_chinned_hummingbird,savis_warbler,green_pygmy_goose,american_white_pelican,crested_ibis,black_redstart	12
151	55	41	15	17	6	10	7	1	Heath	1_4	eurasian_tree_sparrow,eurasian_eagle_owl,long_tailed_tit,california_condor	house_crow,moltonis_warbler,kea,olive_backed_sunbird,fire_fronted_serin	indian_peafowl,atlantic_puffin,white_headed_duck,great_egret,eleonoras_falcon	3	TRUE	eurasian_tree_sparrow,eurasian_eagle_owl,long_tailed_tit,california_condor,house_crow,moltonis_warbler,kea,olive_backed_sunbird,fire_fronted_serin,indian_peafowl,atlantic_puffin,white_headed_duck,great_egret,eleonoras_falcon	14
126	56	12	23	25	2	8	0	0	Nils	2_4	emu,black_naped_oriole,count_raggis_bird_of_paradise	red_avadavat,western_meadowlark,killdeer,sandhill_crane,baya_weaver	great_cormorant,bald_eagle,great_blue_heron,australian_raven	4	FALSE	emu,black_naped_oriole,count_raggis_bird_of_paradise,red_avadavat,western_meadowlark,killdeer,sandhill_crane,baya_weaver,great_cormorant,bald_eagle,great_blue_heron,australian_raven	12
112	63	13	7	9	4	6	10	0	Florina	2_4	princess_stephanies_astrapia,great_horned_owl,hooded_warbler,wood_duck,cerulean_warbler	horsfields_bronze_cuckoo,indigo_bunting,crimson_chat	great_blue_heron,little_penguin,roseate_spoonbill,gray_catbird	1	FALSE	princess_stephanies_astrapia,great_horned_owl,hooded_warbler,wood_duck,cerulean_warbler,horsfields_bronze_cuckoo,indigo_bunting,crimson_chat,great_blue_heron,little_penguin,roseate_spoonbill,gray_catbird	12
109	61	11	16	13	0	6	2	0	Hawkeye	3_4	baltimore_oriole,red_winged_parrot	white_breasted_woodswallow,chihuahuan_raven,golden_headed_cisticola,galah,plains_wanderer	american_avocet,prothonotary_warbler,bald_eagle,black_tailed_godwit	2	FALSE	baltimore_oriole,red_winged_parrot,white_breasted_woodswallow,chihuahuan_raven,golden_headed_cisticola,galah,plains_wanderer,american_avocet,prothonotary_warbler,bald_eagle,black_tailed_godwit	11
121	54	24	6	9	12	16	7	1	Sain	1_4	blue_jay,great_tit,blyths_hornbill	northern_bobwhite,dickcissel,australian_magpie,bairds_sparrow,kea	australian_reed_warbler,great_crested_grebe,atlantic_puffin,wood_stork	3	TRUE	blue_jay,great_tit,blyths_hornbill,northern_bobwhite,dickcissel,australian_magpie,bairds_sparrow,kea,australian_reed_warbler,great_crested_grebe,atlantic_puffin,wood_stork	12
103	53	16	11	7	12	0	4	0	Lowen	4_4	mountain_chickadee,white_backed_woodpecker,yellowhammer,bells_vireo	ruby_throated_hummingbird,european_turtle_dove,carrion_crow,wild_turkey	whooping_crane,black_throated_diver,cettis_warbler,black_noddy	4	FALSE	mountain_chickadee,white_backed_woodpecker,yellowhammer,bells_vireo,ruby_throated_hummingbird,european_turtle_dove,carrion_crow,wild_turkey,whooping_crane,black_throated_diver,cettis_warbler,black_noddy	12
115	59	17	11	5	5	8	10	0	Lowen	3_3	red_winged_parrot,black_vulture,red_crossbill,galah,spotted_owl	european_bee_eater,eastern_phoebe,australian_raven	mourning_dove,trumpeter_swan,canada_goose,roseate_spoonbill,wrybill	1	FALSE	red_winged_parrot,black_vulture,red_crossbill,galah,spotted_owl,european_bee_eater,eastern_phoebe,australian_raven,mourning_dove,trumpeter_swan,canada_goose,roseate_spoonbill,wrybill	13
130	71	16	18	8	0	11	6	1	Hawkeye	1_3	pileated_woodpecker,southern_cassowary,common_chaffinch,kakapo,prothonotary_warbler	spotted_kingfisher,black_billed_magpie,says_phoebe,golden_eagle	pukeko,brown_pelican,black_noddy,purple_gallinule	2	TRUE	pileated_woodpecker,southern_cassowary,common_chaffinch,kakapo,prothonotary_warbler,spotted_kingfisher,black_billed_magpie,says_phoebe,golden_eagle,pukeko,brown_pelican,black_noddy,purple_gallinule	13
121	59	14	11	13	0	19	5	0	Sain	2_3	tui,great_crested_flycatcher,ruby_crowned_kinglet,parrot_crossbill,blyths_hornbill	bronzed_cowbird,lesser_whitethroat,house_wren,little_bustard	violet_green_swallow,house_finch,willie_wagtail,great_egret,bald_eagle	3	FALSE	tui,great_crested_flycatcher,ruby_crowned_kinglet,parrot_crossbill,blyths_hornbill,bronzed_cowbird,lesser_whitethroat,house_wren,little_bustard,violet_green_swallow,house_finch,willie_wagtail,great_egret,bald_eagle	14
134	64	21	15	3	12	7	12	1	Sain	1_4	great_spotted_woodpecker,azure_tit,white_backed_woodpecker,rufous_owl,cassins_finch	white_wagtail,red_legged_partridge,mountain_bluebird,painted_bunting,eurasian_hoopoe	white_throated_dipper,clarks_grebe,wood_stork,red_crowned_crane,graceful_pina	1	TRUE	great_spotted_woodpecker,azure_tit,white_backed_woodpecker,rufous_owl,cassins_finch,white_wagtail,red_legged_partridge,mountain_bluebird,painted_bunting,eurasian_hoopoe,white_throated_dipper,clarks_grebe,wood_stork,red_crowned_crane,graceful_pina	15
128	66	16	16	11	5	12	2	0	Athos	2_4	white_crested_laughingthrush,european_goldfinch,downy_woodpecker,kereru,prothonotary_warbler	australian_owlet_nightjar,zebra_dove,horsfields_bronze_cuckoo,chestnut_collared_longspur	wilsons_snipe,belted_kingfisher,great_egret,barrows_goldeneye,whooping_crane	2	FALSE	white_crested_laughingthrush,european_goldfinch,downy_woodpecker,kereru,prothonotary_warbler,australian_owlet_nightjar,zebra_dove,horsfields_bronze_cuckoo,chestnut_collared_longspur,wilsons_snipe,belted_kingfisher,great_egret,barrows_goldeneye,whooping_crane	14
109	46	10	16	17	5	3	12	0	Nino	3_4	spangled_drongo,kea,princess_stephanies_astrapia	black_drongo,killdeer,little_bustard,eastern_imperial_eagle,lincolns_sparrow	grey_teal,northern_shoveler,bluethroat	3	FALSE	spangled_drongo,kea,princess_stephanies_astrapia,black_drongo,killdeer,little_bustard,eastern_imperial_eagle,lincolns_sparrow,grey_teal,northern_shoveler,bluethroat	11
101	52	7	0	0	16	19	7	0	Lucius	4_4	baltimore_oriole,great_hornbill,mountain_chickadee,count_raggis_bird_of_paradise,red_shouldered_hawk	rook,hooded_crow	white_throated_kingfisher,lesser_frigatebird,large_billed_crow	4	FALSE	baltimore_oriole,great_hornbill,mountain_chickadee,count_raggis_bird_of_paradise,red_shouldered_hawk,rook,hooded_crow,white_throated_kingfisher,lesser_frigatebird,large_billed_crow	10
119	59	7	15	8	8	17	5	0	Pent	2_4	white_browed_tit_warbler,princess_stephanies_astrapia,hermit_thrush,blyths_hornbill	white_throated_swift,australian_owlet_nightjar,bonellis_eagle,great_indian_bustard	eurasian_marsh_harrier,red_wattled_lapwing,black_swan,little_penguin	1	FALSE	white_browed_tit_warbler,princess_stephanies_astrapia,hermit_thrush,blyths_hornbill,white_throated_swift,australian_owlet_nightjar,bonellis_eagle,great_indian_bustard,eurasian_marsh_harrier,red_wattled_lapwing,black_swan,little_penguin	12
107	57	13	12	12	0	8	5	0	Kent	3_4	ruby_crowned_kinglet,laughing_kookaburra,american_woodcock,red_wattlebird,rose_breasted_grosbeak	common_raven,yellowhammer,common_tailorbird,red_vented_bulbul,goulds_finch	red_winged_blackbird,common_nightingale,white_wagtail,abbotts_booby,large_billed_crow	2	FALSE	ruby_crowned_kinglet,laughing_kookaburra,american_woodcock,red_wattlebird,rose_breasted_grosbeak,common_raven,yellowhammer,common_tailorbird,red_vented_bulbul,goulds_finch,red_winged_blackbird,common_nightingale,white_wagtail,abbotts_booby,large_billed_crow	15
106	51	8	13	14	8	3	9	0	Nino	4_4	hawfinch,black_stork,corsican_nuthatch,rainbow_lorikeet,kakapo	crested_pigeon,asian_emerald_dove,tawny_frogmouth,emu	great_crested_grebe,mandarin_duck,chimney_swift,white_faced_ibis	3	FALSE	hawfinch,black_stork,corsican_nuthatch,rainbow_lorikeet,kakapo,crested_pigeon,asian_emerald_dove,tawny_frogmouth,emu,great_crested_grebe,mandarin_duck,chimney_swift,white_faced_ibis	13
129	66	34	8	3	3	10	5	1	Sain	1_4	bullfinch,yellow_billed_cuckoo,grey_butcherbird,european_goldfinch,western_tanager	house_crow,painted_bunting,golden_pheasant,greater_roadrunner,eurasian_eagle_owl	indian_peafowl,king_rail,wood_stork	4	TRUE	bullfinch,yellow_billed_cuckoo,grey_butcherbird,european_goldfinch,western_tanager,house_crow,painted_bunting,golden_pheasant,greater_roadrunner,eurasian_eagle_owl,indian_peafowl,king_rail,wood_stork	13
103	59	23	9	9	0	0	3	0	Erk	3_4	black_woodpecker,great_crested_flycatcher	american_woodcock,yellow_breasted_chat,red_vented_bulbul	whooping_crane,osprey,atlantic_puffin,american_avocet,spoon_billed_sandpiper	1	FALSE	black_woodpecker,great_crested_flycatcher,american_woodcock,yellow_breasted_chat,red_vented_bulbul,whooping_crane,osprey,atlantic_puffin,american_avocet,spoon_billed_sandpiper	10
146	54	44	18	0	21	1	8	1	Athos	1_4	coal_tit,eurasian_sparrowhawk,western_tanager,mistletoebird,kakapo	bells_vireo,black_naped_oriole,north_island_brown_kiwi,great_indian_bustard	yellow_bittern,abbotts_booby,black_noddy	2	TRUE	coal_tit,eurasian_sparrowhawk,western_tanager,mistletoebird,kakapo,bells_vireo,black_naped_oriole,north_island_brown_kiwi,great_indian_bustard,yellow_bittern,abbotts_booby,black_noddy	12
121	59	19	10	9	0	17	7	0	Sain	2_4	european_robin,brambling,yellow_billed_cuckoo,asian_koel,rose_breasted_grosbeak	twite,white_wagtail,painted_bunting,greater_prairie_chicken	common_yellowthroat,red_avadavat,greater_adjutant,bonellis_eagle,trumpeter_swan	3	FALSE	european_robin,brambling,yellow_billed_cuckoo,asian_koel,rose_breasted_grosbeak,twite,white_wagtail,painted_bunting,greater_prairie_chicken,common_yellowthroat,red_avadavat,greater_adjutant,bonellis_eagle,trumpeter_swan	14
99	49	13	11	5	0	19	2	0	Pent	4_4	rainbow_lorikeet,silvereye	common_raven,major_mitchells_cockatoo,galah,cedar_waxwing	ibisbill,indian_peafowl,red_winged_blackbird,pink_eared_duck,mute_swan	4	FALSE	rainbow_lorikeet,silvereye,common_raven,major_mitchells_cockatoo,galah,cedar_waxwing,ibisbill,indian_peafowl,red_winged_blackbird,pink_eared_duck,mute_swan	11
124	69	6	12	19	6	7	5	0	Pent	3_4	red_crossbill,rufous_owl,red_winged_parrot,eurasian_golden_oriole	moltonis_warbler,black_redstart,lazuli_bunting	brahminy_kite,brolga,little_penguin,smew,anhinga	1	FALSE	red_crossbill,rufous_owl,red_winged_parrot,eurasian_golden_oriole,moltonis_warbler,black_redstart,lazuli_bunting,brahminy_kite,brolga,little_penguin,smew,anhinga	12
139	66	32	11	9	13	1	7	0	Erk	2_4	laughing_kookaburra,coppersmith_barbet,spotted_owl,great_spotted_woodpecker,great_horned_owl	bells_vireo,trumpeter_finch,great_indian_bustard,says_phoebe	grey_butcherbird,wilsons_storm_petrel,black_tailed_godwit,purple_gallinule	2	FALSE	laughing_kookaburra,coppersmith_barbet,spotted_owl,great_spotted_woodpecker,great_horned_owl,bells_vireo,trumpeter_finch,great_indian_bustard,says_phoebe,grey_butcherbird,wilsons_storm_petrel,black_tailed_godwit,purple_gallinule	13
152	53	32	19	28	1	19	0	1	Sain	1_4	grey_warbler,pileated_woodpecker,yellow_billed_cuckoo,clarks_nutcracker,cassins_finch	red_legged_partridge,sacred_kingfisher,snow_bunting,crested_lark,north_island_brown_kiwi	red_avadavat,white_wagtail,wood_stork,common_chiffchaff,wrybill	3	TRUE	grey_warbler,pileated_woodpecker,yellow_billed_cuckoo,clarks_nutcracker,cassins_finch,red_legged_partridge,sacred_kingfisher,snow_bunting,crested_lark,north_island_brown_kiwi,red_avadavat,white_wagtail,wood_stork,common_chiffchaff,wrybill	15
122	62	16	11	10	1	14	8	0	Athos	4_4	spotted_towhee,prothonotary_warbler,wild_turkey,bonellis_eagle	eurasian_eagle_owl,goulds_finch,dickcissel,large_billed_crow	golden_eagle,maned_duck,red_knot,little_pied_cormorant	4	FALSE	spotted_towhee,prothonotary_warbler,wild_turkey,bonellis_eagle,eurasian_eagle_owl,goulds_finch,dickcissel,large_billed_crow,golden_eagle,maned_duck,red_knot,little_pied_cormorant	12
117	58	9	8	10	19	5	7	0	Athos	3_4	southern_cassowary,white_browed_tit_warbler,peaceful_dove,count_raggis_bird_of_paradise,great_hornbill	asian_koel	house_crow,little_penguin,anhinga,snow_bunting,atlantic_puffin	1	FALSE	southern_cassowary,white_browed_tit_warbler,peaceful_dove,count_raggis_bird_of_paradise,great_hornbill,asian_koel,house_crow,little_penguin,anhinga,snow_bunting,atlantic_puffin	11
117	57	26	12	14	5	3	0	0	Pent	3_4	willow_tit,red_winged_parrot,kakapo,blue_winged_warbler,hooded_warbler	rock_pigeon,black_billed_magpie,common_cuckoo	black_necked_stilt,black_throated_diver,red_knot,crested_ibis	2	FALSE	willow_tit,red_winged_parrot,kakapo,blue_winged_warbler,hooded_warbler,rock_pigeon,black_billed_magpie,common_cuckoo,black_necked_stilt,black_throated_diver,red_knot,crested_ibis	12
126	52	22	16	13	8	8	7	0	Erk	2_4	common_green_magpie,indigo_bunting,sri_lanka_blue_magpie	california_condor,golden_headed_cisticola,red_headed_woodpecker,sandhill_crane,white_stork	sarus_crane,wedge_tailed_eagle	3	FALSE	common_green_magpie,indigo_bunting,sri_lanka_blue_magpie,california_condor,golden_headed_cisticola,red_headed_woodpecker,sandhill_crane,white_stork,sarus_crane,wedge_tailed_eagle	10
127	51	34	14	15	3	3	6	1	Sain	1_4	rose_breasted_grosbeak,yellowhammer,rainbow_lorikeet,clarks_nutcracker,cerulean_warbler	sacred_kingfisher,bairds_sparrow,black_redstart,northern_bobwhite,plains_wanderer	rhinoceros_auklet,white_throated_dipper,little_grebe,wrybill,rufous_night_heron	4	TRUE	rose_breasted_grosbeak,yellowhammer,rainbow_lorikeet,clarks_nutcracker,cerulean_warbler,sacred_kingfisher,bairds_sparrow,black_redstart,northern_bobwhite,plains_wanderer,rhinoceros_auklet,white_throated_dipper,little_grebe,wrybill,rufous_night_heron	15
130	62	24	18	3	11	2	10	1	Sain	1_3	many_colored_fruit_dove,eurasian_tree_sparrow,lewins_honeyeater,eurasian_nuthatch	cassins_sparrow,northern_bobwhite,spragues_pipit,great_indian_bustard,plains_wanderer	snowy_egret,smew,wedge_tailed_eagle,red_knot,stork_billed_kingfisher	1	TRUE	many_colored_fruit_dove,eurasian_tree_sparrow,lewins_honeyeater,eurasian_nuthatch,cassins_sparrow,northern_bobwhite,spragues_pipit,great_indian_bustard,plains_wanderer,snowy_egret,smew,wedge_tailed_eagle,red_knot,stork_billed_kingfisher	14
104	65	15	16	4	0	1	3	0	Athos	3_3	baltimore_oriole,american_redstart,noisy_miner	chihuahuan_raven,scissor_tailed_flycatcher,chestnut_collared_longspur,painted_bunting,wild_turkey	common_yellowthroat,wilsons_storm_petrel,trumpeter_swan,eurasian_kestrel	2	FALSE	baltimore_oriole,american_redstart,noisy_miner,chihuahuan_raven,scissor_tailed_flycatcher,chestnut_collared_longspur,painted_bunting,wild_turkey,common_yellowthroat,wilsons_storm_petrel,trumpeter_swan,eurasian_kestrel	12
105	71	6	15	2	0	3	8	0	Erk	2_3	northern_goshawk,count_raggis_bird_of_paradise,acorn_woodpecker,american_woodcock,satyr_tragopan	golden_pheasant,common_raven,bronzed_cowbird,european_goldfinch,moltonis_warbler	white_wagtail,brown_pelican,blue_grosbeak,roseate_spoonbill	3	FALSE	northern_goshawk,count_raggis_bird_of_paradise,acorn_woodpecker,american_woodcock,satyr_tragopan,golden_pheasant,common_raven,bronzed_cowbird,european_goldfinch,moltonis_warbler,white_wagtail,brown_pelican,blue_grosbeak,roseate_spoonbill	14
108	48	21	15	8	6	3	7	0	Sain	2_3	great_spotted_woodpecker,carolina_chickadee,cassins_finch,emu,white_backed_woodpecker	bairds_sparrow,north_island_brown_kiwi	smew,wood_stork,wedge_tailed_eagle,little_pied_cormorant	1	FALSE	great_spotted_woodpecker,carolina_chickadee,cassins_finch,emu,white_backed_woodpecker,bairds_sparrow,north_island_brown_kiwi,smew,wood_stork,wedge_tailed_eagle,little_pied_cormorant	11
113	55	13	19	10	0	9	7	1	Athos	1_3	asian_koel,red_winged_parrot,princess_stephanies_astrapia,hooded_warbler	eurasian_eagle_owl,crested_lark,red_wattled_lapwing,eastern_imperial_eagle	wilsons_storm_petrel,bald_eagle,crested_ibis	2	TRUE	asian_koel,red_winged_parrot,princess_stephanies_astrapia,hooded_warbler,eurasian_eagle_owl,crested_lark,red_wattled_lapwing,eastern_imperial_eagle,wilsons_storm_petrel,bald_eagle,crested_ibis	11
105	59	15	11	6	0	6	8	0	Erk	3_3	american_redstart,coppersmith_barbet,kakapo	dickcissel,northern_bobwhite,ferruginous_hawk,bonellis_eagle	black_chinned_hummingbird,spoon_billed_sandpiper,lesser_frigatebird,black_tailed_godwit	3	FALSE	american_redstart,coppersmith_barbet,kakapo,dickcissel,northern_bobwhite,ferruginous_hawk,bonellis_eagle,black_chinned_hummingbird,spoon_billed_sandpiper,lesser_frigatebird,black_tailed_godwit	11
96	58	10	14	1	1	0	12	0	Pent	3_3	violet_cuckoo,tui,european_goldfinch,hermit_thrush,forest_owlet	south_island_robin,red_wattled_lapwing,eurasian_hoopoe	pied_billed_grebe,great_egret,white_headed_duck,ibisbill	1	FALSE	violet_cuckoo,tui,european_goldfinch,hermit_thrush,forest_owlet,south_island_robin,red_wattled_lapwing,eurasian_hoopoe,pied_billed_grebe,great_egret,white_headed_duck,ibisbill	12
105	57	17	8	15	0	8	0	0	Sain	2_3	verditer_flycatcher,brambling,red_eyed_vireo,eurasian_golden_oriole,common_goldeneye	bairds_sparrow,european_bee_eater,golden_headed_cisticola,splendid_fairywren,kea	roseate_spoonbill,great_crested_grebe,bluethroat,red_breasted_merganser,black_noddy	2	FALSE	verditer_flycatcher,brambling,red_eyed_vireo,eurasian_golden_oriole,common_goldeneye,bairds_sparrow,european_bee_eater,golden_headed_cisticola,splendid_fairywren,kea,roseate_spoonbill,great_crested_grebe,bluethroat,red_breasted_merganser,black_noddy	15
114	65	16	19	5	0	6	9	1	Athos	1_3	american_redstart,golden_pheasant,common_cuckoo	eastern_kingbird,twite,eastern_kingbird,wild_turkey	prothonotary_warbler,lesser_frigatebird,green_pheasant,brown_pelican,atlantic_puffin	3	TRUE	american_redstart,golden_pheasant,common_cuckoo,eastern_kingbird,twite,eastern_kingbird,wild_turkey,prothonotary_warbler,lesser_frigatebird,green_pheasant,brown_pelican,atlantic_puffin	12
117	50	13	14	14	0	22	4	1	Pent	1_4	violet_cuckoo,galah,european_tailed_dove	cedar_waxwing,franklins_gull,himalayan_monal,sandhill_crane,eastern_imperial_eagle	plumbeous_redstart,common_grackle,wood_stork	1	TRUE	violet_cuckoo,galah,european_tailed_dove,cedar_waxwing,franklins_gull,himalayan_monal,sandhill_crane,eastern_imperial_eagle,plumbeous_redstart,common_grackle,wood_stork	11
98	63	12	9	6	4	1	3	0	Erk	2_4	indian_peafowl,grey_warbler,clarks_nutcracker,oriental_bay_owl,satyr_tragopan	golden_pheasant,lazuli_bunting,scaly_breasted_munia,california_condor	white_faced_ibis,ibisbill,anhinga,stork_billed_kingfisher	2	FALSE	indian_peafowl,grey_warbler,clarks_nutcracker,oriental_bay_owl,satyr_tragopan,golden_pheasant,lazuli_bunting,scaly_breasted_munia,california_condor,white_faced_ibis,ibisbill,anhinga,stork_billed_kingfisher	13
101	52	7	9	17	6	0	10	0	Sain	3_4	white_browed_tit_warbler,korimako,gray_catbird,western_tanager,sri_lanka_blue_magpie	cassins_sparrow,bairds_sparrow,western_meadowlark,scissor_tailed_flycatcher	turkey_vulture,killdeer,golden_eagle	3	FALSE	white_browed_tit_warbler,korimako,gray_catbird,western_tanager,sri_lanka_blue_magpie,cassins_sparrow,bairds_sparrow,western_meadowlark,scissor_tailed_flycatcher,turkey_vulture,killdeer,golden_eagle	12
79	50	8	3	7	8	0	3	0	Athos	4_4	white_breasted_nuthatch,european_honey_buzzard,eurasian_golden_oriole,american_woodcock	eurasian_green_woodpecker,montagus_harrier,fish_crow	northen_gannet,green_pygmy_goose,snowy_egret,belted_kingfisher	4	FALSE	white_breasted_nuthatch,european_honey_buzzard,eurasian_golden_oriole,american_woodcock,eurasian_green_woodpecker,montagus_harrier,fish_crow,northen_gannet,green_pygmy_goose,snowy_egret,belted_kingfisher	11
169	55	46	11	22	25	5	5	1	Sain	1_5	chipping_sparrow,azure_tit,red_eyed_vireo,violet_cuckoo,sri_lanka_blue_magpie	eastern_bluebird,pheasant_coucal,chestnut_collared_longspur	mute_swan,black_throated_diver,atlantic_puffin,wrybill,greater_adjutant	1	TRUE	chipping_sparrow,azure_tit,red_eyed_vireo,violet_cuckoo,sri_lanka_blue_magpie,eastern_bluebird,pheasant_coucal,chestnut_collared_longspur,mute_swan,black_throated_diver,atlantic_puffin,wrybill,greater_adjutant	13
108	47	12	10	2	4	22	11	0	Athos	3_5	rainbow_lorikeet,northern_mockingbird,black_woodpecker,western_tanager,great_hornbill	common_starling	american_coot,spoon_billed_sandpiper,roseate_spoonbill,prothonotary_warbler	2	FALSE	rainbow_lorikeet,northern_mockingbird,black_woodpecker,western_tanager,great_hornbill,common_starling,american_coot,spoon_billed_sandpiper,roseate_spoonbill,prothonotary_warbler	10
130	56	24	19	15	2	14	0	0	Pent	2_5	great_tit,rufous_owl,common_chiffchaff,cerulean_warbler,red_cockaded_woodpecker	white_stork,brown_headed_cowbird,franklins_gull,himalayan_monal,wedge_tailed_eagle	house_finch,american_white_pelican	3	FALSE	great_tit,rufous_owl,common_chiffchaff,cerulean_warbler,red_cockaded_woodpecker,white_stork,brown_headed_cowbird,franklins_gull,himalayan_monal,wedge_tailed_eagle,house_finch,american_white_pelican	12
96	55	8	12	5	7	9	0	0	Lucius	5_5	acorn_woodpecker,coppersmith_barbet,northern_goshawk	american_goldfinch,crested_lark,brown_shrike,red_backed_shrike	plumbeous_redstart,baya_weaver,green_heron,black_chinned_hummingbird,greylag_goose	4	FALSE	acorn_woodpecker,coppersmith_barbet,northern_goshawk,american_goldfinch,crested_lark,brown_shrike,red_backed_shrike,plumbeous_redstart,baya_weaver,green_heron,black_chinned_hummingbird,greylag_goose	12
103	60	14	12	5	1	6	5	0	Nino	4_5	tui,indian_peafowl,bewicks_wren,kea,blue_winged_warbler	european_bee_eater,painted_bunting,american_kestrel,bonellis_eagle,eastern_imperial_eagle	red_breasted_merganser	5	FALSE	tui,indian_peafowl,bewicks_wren,kea,blue_winged_warbler,european_bee_eater,painted_bunting,american_kestrel,bonellis_eagle,eastern_imperial_eagle,red_breasted_merganser	11
112	49	18	18	7	6	6	8	0	Athos	3_3	wood_duck,great_crested_flycatcher,verditer_flycatcher,kakapo	black_billed_magpie,twite,northern_bobwhite,eastern_rosella,great_indian_bustard	canvasback,greylag_goose	1	FALSE	wood_duck,great_crested_flycatcher,verditer_flycatcher,kakapo,black_billed_magpie,twite,northern_bobwhite,eastern_rosella,great_indian_bustard,canvasback,greylag_goose	11
121	52	34	15	1	0	14	5	0	Pent	2_3	brown_falcon,clarks_nutcracker,corsican_nuthatch,cerulean_warbler	galah,brewers_blackbird	eleonoras_falcon,green_pygmy_goose,white_headed_duck,spoon_billed_sandpiper,red_knot	2	FALSE	brown_falcon,clarks_nutcracker,corsican_nuthatch,cerulean_warbler,galah,brewers_blackbird,eleonoras_falcon,green_pygmy_goose,white_headed_duck,spoon_billed_sandpiper,red_knot	11
125	57	27	15	11	0	8	7	1	Sain	1_3	white_browed_tit_warbler,tufted_titmouse,yellowhammer,yellow_rumped_warbler,spotted_owl	lazuli_bunting,grandala,american_woodcock,eastern_imperial_eagle	red_avadavat,black_stork,white_throated_dipper,roseate_spoonbill,atlantic_puffin	3	TRUE	white_browed_tit_warbler,tufted_titmouse,yellowhammer,yellow_rumped_warbler,spotted_owl,lazuli_bunting,grandala,american_woodcock,eastern_imperial_eagle,red_avadavat,black_stork,white_throated_dipper,roseate_spoonbill,atlantic_puffin	14
105	57	16	12	9	0	7	6	0	Sain	2_2	great_crested_flycatcher,downy_woodpecker,tufted_titmouse,chipping_sparrow,great_spotted_woodpecker	desert_wheatear,common_myna,white_wagtail,kea,gray_wagtail	ruddy_shellduck,wood_stork,common_goldeneye,white_faced_heron,bonellis_eagle	1	FALSE	great_crested_flycatcher,downy_woodpecker,tufted_titmouse,chipping_sparrow,great_spotted_woodpecker,desert_wheatear,common_myna,white_wagtail,kea,gray_wagtail,ruddy_shellduck,wood_stork,common_goldeneye,white_faced_heron,bonellis_eagle	15
110	47	5	19	4	7	3	15	1	Athos	1_2	willow_tit,pesquets_parrot,western_tanager	european_bee_eater,black_billed_magpie,zebra_dove,north_island_brown_kiwi,eastern_imperial_eagle	squacco_heron,black_throated_diver,brown_falcon	2	TRUE	willow_tit,pesquets_parrot,western_tanager,european_bee_eater,black_billed_magpie,zebra_dove,north_island_brown_kiwi,eastern_imperial_eagle,squacco_heron,black_throated_diver,brown_falcon	11
133	64	13	16	18	7	6	9	0	Athos	2_4	noisy_miner,northern_cardinal,rainbow_lorikeet,satyr_tragopan,rufous_owl	common_cuckoo,wild_turkey,trumpeter_finch,great_indian_bustard,bobolink	white_throated_dipper,peregrine_falcon,canvasback,golden_eagle	1	FALSE	noisy_miner,northern_cardinal,rainbow_lorikeet,satyr_tragopan,rufous_owl,common_cuckoo,wild_turkey,trumpeter_finch,great_indian_bustard,bobolink,white_throated_dipper,peregrine_falcon,canvasback,golden_eagle	14
119	65	18	11	0	3	15	7	0	Pent	3_4	silvereye,pesquets_parrot,black_woodpecker,baltimore_oriole	red_backed_shrike,gray_wagtail,common_starling,indian_vulture,scissor_tailed_flycatcher	emu,little_ringed_plover,osprey,northen_gannet	2	FALSE	silvereye,pesquets_parrot,black_woodpecker,baltimore_oriole,red_backed_shrike,gray_wagtail,common_starling,indian_vulture,scissor_tailed_flycatcher,emu,little_ringed_plover,osprey,northen_gannet	13
99	66	10	10	6	0	2	5	0	Erk	4_4	common_nightingale,california_quail,violet_cuckoo	snowy_owl,theklas_lark,european_goldfinch,magpie_lark,snow_bunting	indian_peafowl,lesser_frigatebird,king_rail,american_avocet,spoon_billed_sandpiper	3	FALSE	common_nightingale,california_quail,violet_cuckoo,snowy_owl,theklas_lark,european_goldfinch,magpie_lark,snow_bunting,indian_peafowl,lesser_frigatebird,king_rail,american_avocet,spoon_billed_sandpiper	13
137	71	28	18	12	5	3	0	1	Sain	1_4	horsfields_bronze_cuckoo,common_green_magpie,common_goldeneye,european_honey_buzzard,bonellis_eagle	desert_wheatear,eurasian_golden_oriole,greater_prairie_chicken,australian_raven,plains_wanderer	pink_eared_duck,little_grebe,american_oystercatcher,great_cormorant,bald_eagle	4	TRUE	horsfields_bronze_cuckoo,common_green_magpie,common_goldeneye,european_honey_buzzard,bonellis_eagle,desert_wheatear,eurasian_golden_oriole,greater_prairie_chicken,australian_raven,plains_wanderer,pink_eared_duck,little_grebe,american_oystercatcher,great_cormorant,bald_eagle	15
107	69	7	16	3	10	1	1	0	Athos	4_4	eastern_phoebe,california_quail,northern_mockingbird,american_woodcock,yellow_billed_cuckoo	eastern_kingbird,red_vented_bulbul,australian_magpie,fish_crow	canvasback,black_noddy,atlantic_puffin,prothonotary_warbler	1	FALSE	eastern_phoebe,california_quail,northern_mockingbird,american_woodcock,yellow_billed_cuckoo,eastern_kingbird,red_vented_bulbul,australian_magpie,fish_crow,canvasback,black_noddy,atlantic_puffin,prothonotary_warbler	13
146	77	31	19	4	2	7	6	1	Pent	1_4	baltimore_oriole,red_cockaded_woodpecker,wedge_tailed_eagle,himalayan_monal,cerulean_warbler	asian_koel,greater_roadrunner,golden_eagle,north_island_brown_kiwi	black_throated_diver,snow_bunting,red_wattled_lapwing,gray_catbird,king_rail	2	TRUE	baltimore_oriole,red_cockaded_woodpecker,wedge_tailed_eagle,himalayan_monal,cerulean_warbler,asian_koel,greater_roadrunner,golden_eagle,north_island_brown_kiwi,black_throated_diver,snow_bunting,red_wattled_lapwing,gray_catbird,king_rail	14
112	70	19	4	3	0	3	13	0	Erk	3_4	lewins_honeyeater,korimako,great_hornbill,hermit_thrush	greater_prairie_chicken,chihuahuan_raven,spragues_pipit,major_mitchells_cockatoo	white_tailed_dipper,great_egret,bald_eagle,bonellis_eagle	3	FALSE	lewins_honeyeater,korimako,great_hornbill,hermit_thrush,greater_prairie_chicken,chihuahuan_raven,spragues_pipit,major_mitchells_cockatoo,white_tailed_dipper,great_egret,bald_eagle,bonellis_eagle	12
143	47	31	15	27	0	23	0	0	Sain	2_4	black_woodpecker,american_redstart,coppersmith_barbet,common_goldeneye,california_condor	white_wagtail,horsfields_bronze_cuckoo,little_bustard,black_redstart,house_sparrow	ring_billed_gull,ruff,musk_duck,barrows_goldeneye,abbotts_booby	4	FALSE	black_woodpecker,american_redstart,coppersmith_barbet,common_goldeneye,california_condor,white_wagtail,horsfields_bronze_cuckoo,little_bustard,black_redstart,house_sparrow,ring_billed_gull,ruff,musk_duck,barrows_goldeneye,abbotts_booby	15
157	56	50	22	15	6	0	8	1	Sain	1_3	azure_tit,downy_woodpecker,red_capped_robin,fire_fronted_serin,north_island_brown_kiwi	bronzed_cowbird,little_bustard,black_redstart,australian_magpie	black_throated_diver,crested_ibis,white_headed_duck,black_tailed_godwit,red_knot	1	TRUE	azure_tit,downy_woodpecker,red_capped_robin,fire_fronted_serin,north_island_brown_kiwi,bronzed_cowbird,little_bustard,black_redstart,australian_magpie,black_throated_diver,crested_ibis,white_headed_duck,black_tailed_godwit,red_knot	14
111	59	21	10	5	1	7	8	0	Athos	3_3	lewins_honeyeater,noisy_miner,tui,spotted_owl,kakapo	asian_koel,european_goldfinch,bells_vireo,blue_winged_warbler	great_cormorant,lesser_frigatebird	2	FALSE	lewins_honeyeater,noisy_miner,tui,spotted_owl,kakapo,asian_koel,european_goldfinch,bells_vireo,blue_winged_warbler,great_cormorant,lesser_frigatebird	11
122	59	18	16	15	7	3	4	0	Pent	2_3	lesser_whitethroat,eurasian_golden_oriole,philippine_eagle,great_horned_owl,verditer_flycatcher	moltonis_warbler,chihuahuan_raven,greater_prairie_chicken,horsfields_bushlark	smew,black_stork,roseate_spoonbill,greater_flamingo,red_crowned_crane	3	FALSE	lesser_whitethroat,eurasian_golden_oriole,philippine_eagle,great_horned_owl,verditer_flycatcher,moltonis_warbler,chihuahuan_raven,greater_prairie_chicken,horsfields_bushlark,smew,black_stork,roseate_spoonbill,greater_flamingo,red_crowned_crane	14
119	52	17	15	10	0	17	8	1	Pent	1_4	rainbow_lorikeet,brambling,california_quail	california_condor,northern_bobwhite,australian_pipit,bobolink,scissor_tailed_flycatcher	american_avocet,eastern_phoebe,whooping_crane,bluethroat,canada_goose	1	TRUE	rainbow_lorikeet,brambling,california_quail,california_condor,northern_bobwhite,australian_pipit,bobolink,scissor_tailed_flycatcher,american_avocet,eastern_phoebe,whooping_crane,bluethroat,canada_goose	13
95	62	13	5	7	1	2	5	0	Erk	4_4	great_hornbill,yellow_breasted_chat,hermit_thrush	eastern_bluebird,eurasian_hoopoe,european_goldfinch	sarus_crane,wood_stork,spotted_sandpiper,stork_billed_kingfisher	2	FALSE	great_hornbill,yellow_breasted_chat,hermit_thrush,eastern_bluebird,eurasian_hoopoe,european_goldfinch,sarus_crane,wood_stork,spotted_sandpiper,stork_billed_kingfisher	10
114	53	28	11	8	2	7	5	0	Sain	2_4	ruby_crowned_kinglet,tufted_titmouse,stellars_jay,white_browed_tit_warbler,spotted_owl	european_bee_eater,western_meadowlark,painted_bunting	white_stork,american_coot,white_bellied_sea_eagle,little_pied_cormorant,abbotts_booby	3	FALSE	ruby_crowned_kinglet,tufted_titmouse,stellars_jay,white_browed_tit_warbler,spotted_owl,european_bee_eater,western_meadowlark,painted_bunting,white_stork,american_coot,white_bellied_sea_eagle,little_pied_cormorant,abbotts_booby	13
110	65	17	17	3	0	6	2	0	Athos	3_4	eurasian_tree_sparrow,eastern_rosella,american_woodcock	horned_lark,bairds_sparrow,greater_prairie_chicken,kea	black_throated_diver,eurasian_coot,european_turtle_dove,bald_eagle,trumpeter_swan	4	FALSE	eurasian_tree_sparrow,eastern_rosella,american_woodcock,horned_lark,bairds_sparrow,greater_prairie_chicken,kea,black_throated_diver,eurasian_coot,european_turtle_dove,bald_eagle,trumpeter_swan	12
107	62	9	15	13	1	0	7	0	Athos	3_4	blue_gray_gnatcatcher,lewins_honeyeater,rose_breasted_grosbeak	black_redstart,green_pheasant,eurasian_golden_oriole,bluethroat	red_headed_woodpecker,bald_eagle,black_skimmer,greylag_goose,black_swan	1	FALSE	blue_gray_gnatcatcher,lewins_honeyeater,rose_breasted_grosbeak,black_redstart,green_pheasant,eurasian_golden_oriole,bluethroat,red_headed_woodpecker,bald_eagle,black_skimmer,greylag_goose,black_swan	12
110	49	22	11	7	9	11	1	0	Pent	2_4	common_nightingale,azure_tit,pileated_woodpecker,hawfinch,kakapo	australian_owlet_nightjar,chestnut_collared_longspur,eastern_imperial_eagle	red_winged_blackbird,little_penguin,red_crowned_crane,pukeko	2	FALSE	common_nightingale,azure_tit,pileated_woodpecker,hawfinch,kakapo,australian_owlet_nightjar,chestnut_collared_longspur,eastern_imperial_eagle,red_winged_blackbird,little_penguin,red_crowned_crane,pukeko	12
100	61	16	1	10	0	0	12	0	Erk	4_4	rufous_banded_honeyeater,pesquets_parrot,american_redstart,hooded_warbler	black_drongo,greater_prairie_chicken,scissor_tailed_flycatcher,blue_winged_warbler	sarus_crane,white_bellied_sea_eagle,trumpeter_swan	3	FALSE	rufous_banded_honeyeater,pesquets_parrot,american_redstart,hooded_warbler,black_drongo,greater_prairie_chicken,scissor_tailed_flycatcher,blue_winged_warbler,sarus_crane,white_bellied_sea_eagle,trumpeter_swan	11
133	53	42	15	14	2	6	1	1	Sain	1_4	coppersmith_barbet,indigo_bunting,philippine_eagle,bells_vireo,spotted_owl	scaly_breasted_munia,theklas_lark,large_billed_crow,spragues_pipit	mandarin_duck,white_wagtail,spoon_billed_sandpiper,european_turtle_dove	4	TRUE	coppersmith_barbet,indigo_bunting,philippine_eagle,bells_vireo,spotted_owl,scaly_breasted_munia,theklas_lark,large_billed_crow,spragues_pipit,mandarin_duck,white_wagtail,spoon_billed_sandpiper,european_turtle_dove	13
139	51	25	16	15	24	2	6	1	Sain	1_5	white_browed_tit_warbler,american_robin,tufted_titmouse,lewins_honeyeater,australian_raven	little_bustard,black_redstart,chestnut_collared_longspur,red_backed_fairywren,australian_magpie	red_avadavat,common_yellowthroat,red_crowned_crane,australian_reed_warbler,crested_ibis	1	TRUE	white_browed_tit_warbler,american_robin,tufted_titmouse,lewins_honeyeater,australian_raven,little_bustard,black_redstart,chestnut_collared_longspur,red_backed_fairywren,australian_magpie,red_avadavat,common_yellowthroat,red_crowned_crane,australian_reed_warbler,crested_ibis	15
122	65	26	7	0	7	11	6	0	Athos	2_5	chipping_sparrow,eastern_kingbird,great_tit,kea,blyths_hornbill	common_cuckoo,bells_vireo,killdeer,horned_lark,great_indian_bustard	white_throated_dipper,greylag_goose,common_moorhen,whooping_crane,little_grebe	2	FALSE	chipping_sparrow,eastern_kingbird,great_tit,kea,blyths_hornbill,common_cuckoo,bells_vireo,killdeer,horned_lark,great_indian_bustard,white_throated_dipper,greylag_goose,common_moorhen,whooping_crane,little_grebe	15
110	66	10	3	6	1	20	4	0	Erk	4_5	ruby_throated_hummingbird,american_redstart,baltimore_oriole,common_raven,great_spotted_woodpecker	house_sparrow,black_drongo,american_woodcock	black_skimmer,bald_eagle,red_tailed_hawk	3	FALSE	ruby_throated_hummingbird,american_redstart,baltimore_oriole,common_raven,great_spotted_woodpecker,house_sparrow,black_drongo,american_woodcock,black_skimmer,bald_eagle,red_tailed_hawk	11
105	52	13	14	20	0	5	1	0	Pent	5_5	himalayan_monal,philippine_eagle,rainbow_lorikeet,forest_owlet,cerulean_warbler	european_bee_eater,black_billed_magpie,asian_koel,blue_winged_warbler	bearded_reedling,ring_billed_gull,red_wattled_lapwing,eurasian_coot	4	FALSE	himalayan_monal,philippine_eagle,rainbow_lorikeet,forest_owlet,cerulean_warbler,european_bee_eater,black_billed_magpie,asian_koel,blue_winged_warbler,bearded_reedling,ring_billed_gull,red_wattled_lapwing,eurasian_coot	13
119	57	35	5	11	0	8	3	0	Kent	3_5	cedar_waxwing,southern_cassowary,great_hornbill,ruby_crowned_kinglet,kakapo	baya_weaver,grey_headed_mannikin,golden_pheasant,common_tailorbird	bluethroat,wrybill,bushtit,common_nightingale,white_bellied_sea_eagle	5	FALSE	cedar_waxwing,southern_cassowary,great_hornbill,ruby_crowned_kinglet,kakapo,baya_weaver,grey_headed_mannikin,golden_pheasant,common_tailorbird,bluethroat,wrybill,bushtit,common_nightingale,white_bellied_sea_eagle	14
